{
  "train_losses": [
    2.384704499048672,
    1.9254967503559248,
    1.8157778650397278,
    1.7598939794431396,
    1.7254520063060985,
    1.7009727042954759,
    1.6823694077069675,
    1.6679409644061747
  ],
  "val_losses": [
    2.729955108733997,
    2.8550349703612317,
    2.936528569609684,
    2.996596853182112,
    3.048576588662896,
    3.089046196316979,
    3.118916356559036,
    3.1300075923012547
  ],
  "train_ppls": [
    10.85585427563689,
    6.85855480937033,
    6.1458549642943305,
    5.811821189219104,
    5.61505849802433,
    5.479274514305826,
    5.378284234059463,
    5.301241107688117
  ],
  "val_ppls": [
    15.332198722646773,
    17.37504480862556,
    18.850295112550363,
    20.017299069696456,
    21.085309982654895,
    21.956126151400113,
    22.621852334242384,
    22.874153209243655
  ]
}