{
    "greedy": {
        "avg_time": 0.21227010091145834,
        "tokens_per_second": 234.292691810035,
        "bleu": 0.01484878013118954
    },
    "beam_5": {
        "avg_time": 1.0314192295074462,
        "tokens_per_second": 45.37437218651558,
        "bleu": 0.046014796167435944
    },
    "beam_10": {
        "avg_time": 2.1752991994222004,
        "tokens_per_second": 20.594868058563947,
        "bleu": 0.032797862810973494
    }
}