{
    "no_kv_cache": {
        "total_tokens": 1000,
        "elapsed_time": 0.5058884620666504,
        "tokens_per_second": 1976.720314819615,
        "samples_per_second": 39.5344062963923
    },
    "with_kv_cache": {
        "total_tokens": 1000,
        "elapsed_time": 0.2170710563659668,
        "tokens_per_second": 4606.786444684128,
        "samples_per_second": 92.13572889368255
    },
    "speed_boost_ratio": 2.3305201095707457,
    "timestamp": "2025-11-14 15:06:46"
}